-- ENTIDADES FUERTES --

INSERT INTO Variedad VALUES
('v1','Burlat','Temprana','Francia','referencia de maduracion para las otras variedades'),
('v2','Cristobalina','Extra-temprana','España',NULL),
('v3','Primulat','Extra-temprana','Francia',NULL),
('v4','Nimba','Extra-temprana','Francia',NULL),
('v5','Early Bigi','Extra-temprana','Francia',NULL),
('v6','Early Lori','Extra-temprana','Francia',NULL),
('v7','Sweet Early','Extra-temprana','Italia',NULL),
('v8','Marvin','Temprana','EEUU','Edo. California'),
('v9','Royal Tioga','Temprana','EEUU','Edo. California'),
('v10','Pacific Red','Temprana','EEUU','Edo. California'),
('v11','Brooks','Temprana','EEUU','Edo. California'),
('v12','Rochet','Temprana','EEUU','Edo. California'),
('v13','Royal Hazel','Temprana','EEUU','Edo. California'),
('v14','Rubi','Temprana','EEUU','Edo. California'),
('v15','Early Red','Temprana','Canada',NULL),
('v16','Santina','Temprana','Canada',NULL),
('v17','Celeste','Temprana','Canada',NULL),
('v18','Sabrina','Temprana','Canada',NULL),
('v19','Carmen','Temprana','Hungria',NULL),
('v20','Grace Star','Media Estacion','Italia',NULL),
('v21','Cristalina','Media Estacion','Canada',NULL),
('v22','New Star','Media Estacion','Canada',NULL),
('v23','New Moon','Media Estacion','Canada',NULL),
('v24','Garnet','Media Estacion','EEUU',NULL),
('v25','Utha Giant','Media Estacion','EEUU',NULL),
('v26','Starking','Media Estacion','EEUU',NULL),
('v27','Vic','Tardia','Canada',NULL),
('v28','Sylvia','Tardia','Canada',NULL),
('v29','Sunburst','Tardia','Canada',NULL),
('v30','Sonata','Tardia','Canada',NULL),
('v31','Lapins','Tardia','Canada','variedad mas cultivada en el mundo'),
('v32','Napoleon','Tardia','Alemania',NULL),
('v33','Kordia','Tardia','Alemania',NULL),
('v34','Blanca de Provenza','Extra-tardia','Francia',NULL),
('v35','Ambrunes','Extra-tardia','España',NULL),
('v36','Pico Negro','Extra-tardia','España',NULL),
('v37','Pico Colorado','Extra-tardia','España',NULL),
('v38','Regina','Extra-tardia','Alemania',NULL);

INSERT INTO Pais VALUES
('pais1','Iran','Asia'),
('pais2','EEUU','America del Norte'),
('pais3','Turquia','Asia'),
('pais4','Italia','Europa'),
('pais5','Alemania','Europa'),
('pais6','España','Europa'),
('pais7','Libano','Asia'),
('pais8','Rumania','Europa'),
('pais9','Francia','Europa'),
('pais10','Federacion Rusa','Europa y Asia'),
('pais11','Grecia','Europa'),
('pais12','Siria','Asia'),
('pais13','Chile','America del Sur'),
('pais14','Austria','Europa'),
('pais15','Republica Checa','Europa'),
('pais16','Canada','America del Norte'),
('pais17','Argentina','America del Sur'),
('pais18','Australia','Oceania'),
('pais19','Belgica','Europa'),
('pais20','Bulgaria','Europa'),
('pais21','Colombia','America del Sur'),
('pais22','Chipre','Asia'),
('pais23','Hungria','Europa'),
('pais24','Israel','Asia'),
('pais25','Marruecos','Africa'),
('pais26','Paises Bajos','Europa'),
('pais27','Nueva Zelanda','Oceania'),
('pais28','Noruega','Europa');

INSERT INTO Variable VALUES
('var1','Positivo','total de elecciones positivas','Cuantitativa'),
('var2','Negativo','total de elecciones negativas','Cuantitativa'),
('var3','Total','substraccion de los resultados positivos y negativos','Cuantitativa');

INSERT INTO Ingrediente VALUES
('ing1','Cereza(s)'),
('ing2','Queso(s)'),
('ing3','Canela(s)'),
('ing4','Chocolate'),
('ing5','Coco(s)'),
('ing6','Crema(s)'),
('ing7','Jalea'),
('ing8','Azucar'),
('ing9','Gelatina(s)'),
('ing10','Yogur'),
('ing11','Huevo(s)'),
('ing12','Leche'),
('ing13','Limon(es)'),
('ing14','Mantequilla'),
('ing15','Mermelada'),
('ing16','Nuez(es)'),
('ing17','Vainilla'),
('ing18','Zanahoria(s)'),
('ing19','Tomate(s)'),
('ing20','Cebolla(s)'),
('ing21','Pan'),
('ing22','Aceite de oliva'),
('ing23','Agua'),
('ing24','Sal'),
('ing25','Vinagre'),
('ing26','Pimiento Verde'),
('ing27','Miel'),
('ing28','Pimienta'),
('ing29','Harina'),
('ing30','Vaina de Vainilla'),
('ing31','Queso Crema'),
('ing32','Leche Evaporada'),
('ing33','Leche Condensada'),
('ing34','Gelatina de cereza'),
('ing35','Beicon'),
('ing36','Manteca'),
('ing37','planchas de pasta brisa'),
('ing38','Maicena'),
('ing39','Concha de limon'),
('ing40','Levadura'),
('ing41','Masscarponne');

-- ENTIDADES DEBILES --

INSERT INTO Ciudad VALUES
('ciu1','Placerville','pais2'),
('ciu2','Prescott','pais2'),
('ciu3','Vignola','pais4'),
('ciu4','Anzola dell Emilia','pais4'),
('ciu5','Granada','pais4'),
('ciu6','Sevilla','pais6'),
('ciu7','Santiago','pais13'),
('ciu8','Concepcion','pais13'),
('ciu9','Saint-Laurent','pais16'),
('ciu10','Niza','pais9'),
('ciu11','Bahnhofstraße','pais5'),
('ciu12','Trelew','pais17'),
('ciu13','Traverse City','pais2'),
('ciu14','Elk Rapids','pais2'),
('ciu15','Hamburgo','pais5'),
('ciu16','Napoles','pais4'),
('ciu17','Pontevedra','pais6'),
('ciu18','Pasadena','pais2'),
('ciu19','Camporotondo','pais4'),
('ciu20','Ferrara','pais4'),
('ciu21','Arnissa','pais11'),
('ciu22','Naousa','pais11'),
('ciu23','Concordia','pais17'),
('ciu24','Buenos Aires','pais17'),
('ciu25','Cuijk','pais26'),
('ciu26','Massy','pais9'),
('ciu27','Valencia','pais6'),
('ciu28','Essen','pais5'),
('ciu29','Neckarsulm','pais5'),

INSERT INTO Region VALUES
('reg1','California','pais2'),
('reg2','Washington','pais2'),
('reg3','Modena','pais4'),
('reg4','Bologna','pais4'),
('reg5','Granada','pais4'),
('reg6','Sevilla','pais6'),
('reg7','Santiago','pais13'),
('reg8','Biobio','pais13'),
('reg9','Quebec','pais16'),
('reg10','Provenza-Alpes-Costa Azul','pais9'),
('reg11','Norte Rine-Westfalia','pais5'),
('reg12','Chubut','pais17'),
('reg13','Michigan','pais2');

INSERT INTO Asociacion VALUES
('asoc1','California Cherry Growers','P.O. Box 1000','reg1'),
('asoc2','Washington Tree Fruit Association','P.O. Box 1000','reg2'),
('asoc3','Modena Fruit Growers Association','Via Pratomavore 6/A','reg3'),
('asoc4','Bologna Fruit Growers Association','Via Emilia Ponente 276','reg4'),
('asoc5','Granada Fruit Growers Association','C. Grajilla','reg5'),
('asoc6','Sevilla Fruit Growers Association','C. Barcelona','reg6'),
('asoc7','Santiago Fruit Growers Association','C. Luis Pasteur 5655','reg7'),
('asoc8','Biobio Fruit Growers Association','Av. Arturo Prat 199','reg8'),
('asoc9','Quebec Fruit Growers Association','176 Rue Benjamin Hudon','reg9'),
('asoc10','Provenza-Alpes-Costa Azul Fruit Growers Association','Rue Saint-Augustin 06200','reg10'),
('asoc11','Norte Rine-Westfalia Fruit Growers Association','Bahnhofstraße 1','reg11'),
('asoc12','Chubut Fruit Growers Association','Av. Lezama 1227','reg12'),
('asoc13','Michigan Fruit Growers Association','2240 Dias Dr.','reg13');

INSERT INTO Productor VALUES
('p1','American River Cherry Company','2240 Dias Dr.','Caja',NULL,'asoc1','ciu1'),
('p2','FirstFruit Farms LLC','1111 Fishhook Park Rd.','Caja',NULL,'asoc2','ciu2'),
('p3','Azienda Agricola Amidei Bettino','Via Pratomavore 6/A','Bolsa',NULL,'asoc3','ciu4'),
('p4','Fabbri 1905','Via Emilia Ponente 276','Bolsa',NULL,'asoc4','ciu5'),
('p5','Maitena del Genil','C. Grajilla','Mallas',NULL,NULL,'ciu6'),
('p6','Bernardo Herrera','C. Barcelona','Mallas',NULL,NULL,'ciu6'),
('p7','Subsole','C. Luis Pasteur 5655','Cajones',NULL,NULL,'ciu8'),
('p8','Fistur','Av. Arturo Prat 199','Cajones',NULL,'asoc7','ciu7'),
('p9','Agrocan Foods','176 Rue Benjamin Hudon','Caja',NULL,NULL,'ciu9'),
('p10','La Source Aux Fruits','Rue Saint-Augustin 06200','Caja',NULL,NULL,'ciu10'),
('p11','Spreewaldhof','Bahnhofstraße 1','Bolsa',NULL,'asoc11','ciu11'),
('p12','Cerezas de la Patagonia','Av. Lezama 1227','Bolsa',NULL,NULL,'ciu12');

INSERT INTO Cultivo VALUES
('cult1','25',350,'2021-03-20','2021-04-20',20,'v2','p4'), 
('cult2','22',470,'2025-03-20','2025-04-20',30,'v3','p1'), 
('cult3','30',360,'2012-03-20','2012-04-20',21,'v5','p6'), 
('cult4','31',820,'2007-04-01','2007-04-30',62,'v11','p8'), 
('cult5','27',610,'2017-04-01','2017-04-30',50,'v8','p3'), 
('cult6','23',530,'2018-04-01','2018-04-30',37,'v1','p3'), 
('cult7','26',120,'2004-04-13','2004-05-13',60,'v23','p9'), 
('cult8','28',770,'2013-04-13','2013-05-13',45,'v20','p11'), 
('cult9','32',420,'2019-04-21','2019-05-21',21,'v27','p5'); 

INSERT INTO Produccion VALUES
('prod1','2021-05-20',350,'v2','cult1'),
('prod2','2025-03-20',470,'v3','cult2'),
('prod3','2012-03-20',360,'v5','cult3'),
('prod4','2007-04-01',820,'v6','cult4'),
('prod5','2017-04-01',610,'v8','cult5'),
('prod6','2018-04-01',530,'v1','cult6'),
('prod7','2004-04-13',120,'v9','cult7'),
('prod8','2013-04-13',770,'v12','cult8'),
('prod9','2019-04-21',420,'v22','cult9');

INSERT INTO Proveedor VALUES
('prov1','TC Fruits', 'Distribucion de frutas y hortalizas','36692 Barro-Pontevedra','ciu17'),
('prov2','AMS Export','Importacion-exportacion sector agricola','177 E Colorado Blvd #200','ciu18'),
('prov3','GI E GI DI V. GIUFFRIDA','Venta de especias','95040 Camporotondo Etneo','ciu19'),
('prov4','SOCIETA AGRICOLA SALVI VIVAI S.S.','Produccion de verduras y hortalizas','Via Bologna, 71444124 Ferrara','ciu20'),
('prov5','AGRICULTURAL CORPORATION OF VEGORITIDAS-VORAS','Mayorista de frutas','Arnissa-pellas 58002 Arnissa','ciu21'),
('prov6','MILIS FRUIT NUT NURSERY','Comercializacion de platos frutales','590 35 Naousa','ciu22'),
('prov7','Don Carmelo','Proveedor de frutas','3200 Concordia','ciu23'),
('prov8','DERCAM EXPORT IMPORT','Exportador de frutas y Hortalizas','2727 Buenos aires','ciu24'),
('prov9','KALKAN IMPORT EXPORT','Proveedor de frutas congeladas','5431 Cuijk','ciu25');

INSERT INTO Padrino VALUES
('pad1','Juan',NULL,'Garcia',NULL,'ciu1'),
('pad2','Pedro',NULL,'Gonzalez',NULL,'ciu2'),
('pad3','Maria',NULL,'Perez',NULL,'ciu3'),
('pad4','Jose',NULL,'Lopez',NULL,'ciu4'),
('pad5','Luis',NULL,'Martinez',NULL,'ciu5'),
('pad6','Ana',NULL,'Gomez',NULL,'ciu6'),
('pad7','Pablo',NULL,'Rodriguez',NULL,'ciu7'),
('pad8','Sofia',NULL,'Fernandez',NULL,'ciu8'),
('pad9','Miguel',NULL,'Sanchez',NULL,'ciu9');

INSERT INTO Apadrinamiento VALUES
('2022-05-17','2025-05-17',100000,'pad1','p1','v1'),
('2022-01-02',NULL,90000,'pad2','p2','v2'),
('2021-02-09','2024-02-09',150000,'pad3','p3','v3'),
('2022-08-07','2025-08-07',200000,'pad4','p4','v4'),
('2022-12-21',NULL,75000,'pad5','p5','v5'),
('2020-11-24','2023-11-24',67000,'pad6','p6','v6'),
('2021-05-31','2024-05-31',135000,'pad7','p7','v7'),
('2022-02-06',NULL,98000,'pad8','p8','v8'),
('2022-07-11','2025-07-11',112000,'pad9','p9','v9');

INSERT INTO P_Prov VALUES
('p1','prov1'),
('p2','prov2'),
('p3','prov3'),
('p4','prov4'),
('p5','prov5'),
('p6','prov6'),
('p7','prov7'),
('p8','prov8'),
('p9','prov9');

INSERT INTO Convenio VALUES
('conv1','descuento','2021-01-01','2021-01-01','asoc1',NULL,NULL),
('conv2','descuento','2021-02-01','2022-02-01','asoc2',NULL,NULL),
('conv3','descuento','2021-03-01','2012-03-01','asoc3',NULL,NULL),
('conv4','descuento','2021-04-01','2007-04-01','asoc4',NULL,NULL),
('conv5','descuento','2021-05-01','2017-05-01',NULL,'p2','prov2'),
('conv6','descuento','2021-06-01','2018-06-01',NULL,'p6','prov6'),
('conv7','descuento','2021-07-01','2004-07-01',NULL,'p7','prov7'),
('conv8','descuento','2021-08-01','2013-08-01',NULL,'p8','prov8'),
('conv9','descuento','2021-09-01','2019-09-01','asoc9',NULL,NULL);

INSERT INTO Cliente VALUES
('cli1','Benjamin Twiggs','Juridico','1213 East Front Street',100,'ciu13'),
('cli2','Traverse Bay Farms','Juridico','204 River Street',90,'ciu14'),
('cli3','Edeka','Juridico','D-2297 Hamburgo',80,'ciu15'),
('cli4','La Distitalia SRL','Juridico','Giugliano in Campania',70,'ciu16'),
('cli5','Aldi','Juridico','Steeler Str.',60,'ciu28'),
('cli6','Lidl','Juridico','Neckarsulm Str.',50,'ciu29'),
('cli7','Carrefour','Juridico','Rue Saint-Marc',40,'ciu26'),
('cli8','Mercadona','Juridico','C. Valencia',30,'ciu27'),
('cli9','Dia','Juridico','D-40878 Ratingen',20,'ciu21');

INSERT INTO Forma_Pago VALUES
('fp1','Contado',NULL,NULL,NULL,'2022-02-10','2022-02-11','p2'),
('fp2','Contado',NULL,NULL,NULL,'2012-05-20','2012-05-22','p3'),
('fp3','Contado',NULL,NULL,NULL,'2007-07-30','2007-07-31','p4'),
('fp4','Contado',NULL,NULL,NULL,'2017-11-23','2017-11-24','p5'),
('fp5','Cuota',6700,10,1,NULL,NULL,'p6'),
('fp6','Cuota',17550,13,1,NULL,NULL,'p7'),
('fp7','Cuota',17000,17,1,NULL,NULL,'p1'),
('fp8','Cuota',49000,5,1,NULL,NULL,'p8'),
('fp9','Contado',NULL,NULL,NULL,'2019-12-05','2019-12-06','p9');

INSERT INTO Contrato VALUES
('cont1','2021-01-01','2024-01-01',0,100000,'Terrestre','Activo','cli1','p1','fp1'),
('cont2','2022-02-01','2025-02-01',0,90000,'Terrestre','Activo','cli2','p2','fp2'),
('cont3','2012-03-01','2015-03-01',0,150000,'Aereo','Inactivo','cli3','p3','fp3'),
('cont4','2007-04-01','2010-04-01',0,200000,'Maritimo','Inactivo','cli4','p4','fp4'),
('cont5','2017-05-01','2020-05-01',0,75000,'Terrestre','Inactivo','cli5','p5','fp5'),
('cont6','2018-06-01','2021-06-01',0,67000,'Maritimo','Inactivo','cli6','p6','fp6'),
('cont7','2004-07-01','2007-07-01',0,135000,'Maritimo','Inactivo','cli7','p7','fp7'),
('cont8','2013-08-01','2016-08-01',0,98000,'Maritimo','Inactivo','cli8','p8','fp8'),
('cont9','2019-09-01','2023-09-01',0,112000,'Aereo','Activo','cli9','p9','fp9');

INSERT INTO Renovacion VALUES
('ren1','2023-01-01',100000,'cont1','cli1','p1'),
('ren2','2024-02-01',90000,'cont2','cli2','p2'),
('ren3','2014-03-01',150000,'cont3','cli3','p3'),
('ren4','2009-04-01',200000,'cont4','cli4','p4'),
('ren5','2019-05-01',75000,'cont5','cli5','p5'),
('ren6','2020-06-01',67000,'cont6','cli6','p6'),
('ren7','2006-07-01',135000,'cont7','cli7','p7'),
('ren8','2015-08-01',98000,'cont8','cli8','p8'),
('ren9','2022-09-01',112000,'cont9','cli9','p9');

INSERT INTO Pago VALUES
('pag1','2021-01-01',100000,'cont1','cli1','p1'),
('pag2','2022-02-01',90000,'cont2','cli2','p2'),
('pag3','2012-03-01',150000,'cont3','cli3','p3'),
('pag4','2007-04-01',200000,'cont4','cli4','p4'),
('pag5','2017-05-01',75000,'cont5','cli5','p5'),
('pag6','2018-06-01',67000,'cont6','cli6','p6'),
('pag7','2004-07-01',135000,'cont7','cli7','p7'),
('pag8','2013-08-01',98000,'cont8','cli8','p8'),
('pag9','2019-09-01',112000,'cont9','cli9','p9');

INSERT INTO Formula VALUES
('for1','Numerica',100,'cli1','var3'),
('for2','Numerica',98,'cli2','var3'),
('for3','Numerica',80,'cli3','var3'),
('for4','Numerica',81,'cli4','var3'),
('for5','Numerica',77,'cli5','var3'),
('for6','Numerica',100,'cli6','var3'),
('for7','Numerica',90,'cli7','var3'),
('for8','Numerica',60,'cli8','var3'),
('for9','Numerica',79,'cli9','var3');

INSERT INTO Detalle_V VALUES
(1,0,'cont1','cli1','p1','cult1'),
(2,0,'cont1','cli1','p1','cult2'),
(3,0,'cont1','cli1','p1','cult3'),
(4,0,'cont1','cli1','p1','cult4'),
(5,0,'cont1','cli1','p1','cult5'),
(6,0,'cont1','cli1','p1','cult6'),
(7,0,'cont1','cli1','p1','cult7'),
(8,0,'cont1','cli1','p1','cult8'),
(9,0,'cont1','cli1','p1','cult9'),
(10,0,'cont2','cli2','p2','cult1'),
(11,0,'cont2','cli2','p2','cult2'),
(12,0,'cont2','cli2','p2','cult3'),
(13,0,'cont2','cli2','p2','cult4'),
(14,0,'cont2','cli2','p2','cult5'),
(15,0,'cont2','cli2','p2','cult6'),
(16,0,'cont2','cli2','p2','cult7'),
(17,0,'cont2','cli2','p2','cult8'),
(18,0,'cont2','cli2','p2','cult9'),
(19,0,'cont3','cli3','p3','cult1'),
(20,0,'cont3','cli3','p3','cult2'),
(21,0,'cont3','cli3','p3','cult3'),
(22,0,'cont3','cli3','p3','cult4'),
(23,0,'cont3','cli3','p3','cult5'),
(24,0,'cont3','cli3','p3','cult6'),
(25,0,'cont3','cli3','p3','cult7'),
(26,0,'cont3','cli3','p3','cult8'),
(27,0,'cont3','cli3','p3','cult9'),
(28,0,'cont4','cli4','p4','cult1'),
(29,0,'cont4','cli4','p4','cult2'),
(30,0,'cont4','cli4','p4','cult3');

INSERT INTO Envio VALUES
('env1',100,'v1','cont1','cli1','p1','cult1'),
('env2',100,'v2','cont2','cli2','p2','cult2'),
('env3',100,'v3','cont3','cli3','p3','cult3'),
('env4',100,'v4','cont4','cli4','p4','cult3'),
('env5',100,'v5','cont4','cli4','p4','cult2'),
('env6',100,'v6','cont3','cli3','p3','cult5'),
('env7',100,'v7','cont1','cli1','p1','cult8'),
('env8',100,'v8','cont2','cli2','p2','cult6'),
('env9',100,'v9','cont3','cli3','p3','cult7');  

INSERT INTO Precio_Promedio VALUES
('p1','2021-01-01','2024-01-01',6.75,'20 mm','v1','pais1'),
('p2','2022-02-01','2025-02-01',6.80,'22 mm','v2','pais2'),
('p3','2012-03-01','2015-03-01',5.98,'20 mm','v3','pais3'),
('p4','2007-04-01','2010-04-01',5.80,'24 mm','v4','pais4'),
('p5','2017-05-01','2020-05-01',6.10,'30 mm','v5','pais5'),
('p6','2018-06-01','2021-06-01',6.13,'28 mm','v6','pais6'),
('p7','2004-07-01','2007-07-01',5.60,'26 mm','v7','pais7'),
('p8','2013-08-01','2016-08-01',6.00,'22 mm','v8','pais8'),
('p9','2019-09-01','2022-09-01',6.62,'32 mm','v9','pais9');

INSERT INTO Resultado_Eval_Anual VALUES
(2021,100,10,'2021-12-01','Aceptado','cli1'),
(2021,90,10,'2022-12-01','Rechazado','cli2'),
(2021,80,10,'2013-02-01','Aceptado','cli3'),
(2021,70,10,'2008-03-01','Rechazado','cli4'),
(2022,60,10,'2018-04-01','Aceptado','cli1'),
(2022,50,10,'2019-05-01','Rechazado','cli2'),
(2022,40,10,'2005-06-01','Aceptado','cli3'),
(2022,30,10,'2014-07-01','Rechazado','cli4'),
(2012,20,10,'2020-08-01','Aceptado','cli1');

INSERT INTO Receta VALUES
('rec1','Gazpacho de Cerezas','Salada','00:10:00',6,NULL,'cli1',NULL),
('rec2','Crostini de Cerezas','Salada','00:30:00',10,NULL,'cli2',NULL),
('rec3','Bocados de cereza y beicon','Salada','00:20:00',4,NULL,'cli3',NULL),
('rec4','Tarta de cereza','Dulce','02:00:00',8,'Alfonso López','cli4',NULL),
('rec5','Gelatina de Cereza','Dulce','02:30:00',1,NULL,'cli5',NULL),
('rec6','Limonada de Cereza','Dulce','00:15:00',6,'Layla Pujol','cli6',NULL),
('rec7','Pie de Cereza','Dulce','00:45:00',6,'Rececatas','cli7',NULL),
('rec8','Tartaletas de crema con salsa de cerezas','Dulce','00:30:00',6,'Marian_','cli8',NULL),
('rec9','Cupcakes de cerezas','Dulce','00:40:00',6,'Marian_','cli9',NULL);

INSERT INTO Elaboracion VALUES
(1,'Remojamos el pan troceado en el agua,','rec1'),
(2,'ponemos todos los ingredientes en la batidora,','rec1'),
(3,'batimos hasta obtener una crema fina,','rec1'),
(4,'pasamos el gazpacho por un colador bien fino','rec1'),
(5,'probamos y rectificamos añadiendo mas agua de ser necesario','rec1'),
(1,'Mezclar en un cuenco el vinagre con la miel y aceite de oliva, el pimenton,','rec2'),
(2,'añadir las cerezas y mezclar bien, dejar marinar directamente.','rec2'),
(3,'Calentar un sarten y ñadir las cerezas con toda la salsa, cocinar por 15 o 20 min,','rec2'),
(4,'retirar cuando las cerezas esten tiernas y dejar enfirar.','rec2'),
(1,'Deshuesar las cerezas, cortar las lonchas de beicon por la mitad,','rec3'),
(2,'envolver cada cereza con una loncha de beicon,','rec3'),
(3,'pinchar con un palillo y cocinar en el horno a 200ºC durante 15 minutos,','rec3'),
(4,'retirar del horno y dejar enfriar.','rec3'),
(1,'Lavar y deshuesar cerezas','rec4'),
(2,'Colocar las cerezas deshuesadas en un bol y añadir azucar','rec4'),
(3,'macerar las cerezas entre 8 y 12 horas en la nevera','rec4'),
(4,'cortar mantequilla en cuadritos y se coloca en un bol','rec4'),
(5,'se añade azucar,harina y sal, mezclar hasta formar una arena','rec4'),
(6,'se añade agua y jugo de limon y se sigue mezclando hasta que la masa este homogenea','rec4'),
(7,'Compactar la masa con las manos formando dos porciones, una para la base y otra para el enrejado','rec4'),
(8,'Envolver las porciones en film transparente y se guarda durannte una hora enla nevera hasta que este duro','rec4'),
(9,'se coloca la masa de la base de la tarta entre dos papeles de horno para evitar que se pegue','rec4'),
(10,'estirar la mas hasta que quede entre 3 y 4 mm de espesor','rec4'),
(11,'Colocar la masa en el molde de tarta manteniendo el papel de horno inferior para evitar que se pegue al molde','rec4'),
(12,'la masa de la tarta debe sobre salir 0.5cm del molde','rec4'),
(13,'rellenamos la tarta con el relleno y reservamos','rec4'),
(14,'se extiende el segundo trozo de masa de la misma forma que el primero y se corta en tiras de 1 a 1.5 cm de ancho','rec4'),
(15,'colcoar 4 tiras de un mismo sentido sobre la tarta y se continua con las tiras que van perpendiculares para realizar el enrejado','rec4'),
(16,'se pinta la superficie de la tarta con huevo batido y se introduce en el horno','rec4'),
(17,'Precalentar el horno a 190 grados C','rec4'),
(18,'hornear la tarta solo cpn calor por debajo por 15 minutos','rec4'),
(19,'luego se coloca el calor por arriba y abajo y se hornea por 45 minutoos mas','rec4'),
(20,'una vez pasado los 45 minutos se retira del horno y se deja enfriar sin desolmda','rec4'),
(21,'Al dejar enfriar se puede desmoldar y estaria lista','rec4'),
(1,'Licua queso crema con leche evaporata,la leche condensada, las cerezas','rec5'),
(2,'vierte dentro de un molde y refrigerar por 30 minutos','rec5'),
(3,'colocar la gelatina de cereza sobre el mousse de cereza y refrigerar por 2 horas','rec5'),
(1,'Colocar las cerezas limones azucar y 2 tazas de agua en la licuadora','rec6'),
(2,'licuar los ingredientes hasta que esten bien triturados','rec6'),
(3,'Colar la mezcla licuada y agregar agua','rec6'),
(4,'Sirva la limonada de cereza con hielo en vasos','rec6'),
(1,'Tamiza la harina y la sal en un cuenco','rec7'),
(2,'Corte la manteca y mantequilla en cuadrados y frotala con los dedos en la harina hasta formar migajas','rec7'),
(3,'Rocie 2-3 cucharadas de agua y mezcla hasta hacer una bola, envuelve en papel film y refrigera minimo 30min','rec7'),
(4,'Extiende dos tercios de la masa y recubre el molde ya preparado con la masa, recorta los bordes, introduce en la nevera 15min','rec7'),
(5,'Pon la cerezas en un hueso junto con el azucar y harina (mas extracto si utilizas), mezcla y vierte sobre el molde','rec7'),
(6,'Extiende el resto de masa y corta 8 tiras de 1 cm de ancho y dispongalas encima siguiendo un patron de entramado, recorte los bordes.','rec7'),
(7,'Bate el huevo y glasea el enrejado y ayudese para unir las tiras con la masa.','rec7'),
(8,'Hornee a 200ºC  40-45 min (a mi me a tardado 30min) hasta que la masa se dore.','rec7'),
(9,'Sirva a temperatura ambiente o fria.','rec7'),
(1,'Precalentar el horno a 180 grados.','rec8'),
(2,'Con un corta pastas cortar discos mas grandes que la tartaleta,colocarlos pincharlos con un tenedor y hornear (unos 15 min).','rec8'),
(3,'Lava y seca las cerezas,reservar unas pokas para decorar,deshuesarlas y trocearlas,mezclarlas con la mitad del azucar y cocerlas con medio vaso de agua unos 8 min, retirar del fuego y batirlo,reservar.','rec8'),
(4,'Llevar a ebullicion la leche con el resto de azucar,la canela y la cascara de limon,retirar del fuego y tapar 5 min.','rec8'),
(5,'Bate las yemas,echar la harina y la maicena y remover, verter la leche colada,y ponerlo al baño maria (10 min).','rec8'),
(6,'Dejar enfriar la crema, rellenar las tartaletas,regar con la salsa x encima y colocar una cereza x cada tartaleta. ','rec8'),
(1,'Limpiamos y deshuesamos las cerezas y las reservamos.','rec9'),
(2,'Ponemos en un bol la mantequilla junto con el azúcar y batimos bien hasta que formen una crema. A continuación, añadimos los huevos de uno en uno batiendo hasta que se integren. Tamizamos la harina junto con la levadura y vamos agregándola poco a poco a la masa, batiendo bien cada vez. Cuando sea una masa homogénea, añadimos la leche y la esencia. En este caso usé aroma de azahar que tenía en casa para darle un toque diferente, pero se puede hacer con vainilla tranquilamente.','rec9'),
(3,'Troceamos las cerezas y las agregamos a nuestra masa. Mezclamos bien con una espátula o cuchara de madera para que se repartan bien.','rec9'),
(4,'Precalentamos el horno y mientras vamos preparando las cápsulas en el molde. Las llenamos hasta 2/3 de su capacidad y horneamos a 180ºC durante unos 20-25 minutos.','rec9'),
(5,'Cuando estén listos los sacamos del horno, los dejamos templar 5 minutos y a continuación los sacamos y los dejamos enfriar en una rejilla.','rec9'),
(6,'Mientras se enfrían, preparamos el frosting. La cantidad dependerá de cuántos cupcakes tengáis que decorar y de cuánta crema queráis ponerles encima. Pero la proporción que uso es siempre la misma: el doble de queso que de mantequilla. Y el azúcar...a ojo! Dependiendo del dulzor que tenga la magdalena o si le voy a poner algún otro sabor o algo.','rec9'),
(7,'Batimos en un bol la mantequilla junto con el azúcar hasta que formen una crema y adquieran un tono más blanquecino. A continuación añadimos el queso y batimos hasta que quede homogéneo. Los decoramos al gusto y ya están! Disfrutar de ellos por que son un lujazo.','rec9');

INSERT INTO Ingrediente_Receta VALUES
(500,'gr','rec1','ing19'),
(250,'gr','rec1','ing1'),
(50,'gr','rec1','ing26'),
(50,'gr','rec1','ing20'),
(100,'ml','rec1','ing22'),
(200,'ml','rec1','ing23'),
(400,'gr','rec2','ing1'),
(30,'ml','rec2','ing22'),
(10,'ml','rec2','ing27'),
(NULL,NULL,'rec2','ing28'),
(NULL,NULL,'rec2','ing24'),
(NULL,NULL,'rec2','ing23'),
(24,NULL,'rec3','ing1'),
(200,'gr','rec3','ing35'),
(1,'kg','rec4','ing1'),
(250,'gr','rec4','ing8'),
(1,NULL,'rec4','ing30'),
(530,'gr','rec4','ing29'),
(250,'gr','rec4','ing14'),
(3,'ml','rec4','ing13'),
(10,'ml','rec4','ing23'),
(2,'gr','rec4','ing24'),
(1,NULL,'rec4','ing11'),
(190,'gr','rec5','ing31'),
(360,'gr','rec5','ing32'),
(375,'gr','rec5','ing33'),
(200,'gr','rec5','ing1'),
(80,'gr','rec5','ing34'),
(500,'gr','rec6','ing1'),
(2,NULL,'rec6','ing11'),
(240,'ml','rec6','ing23'),
(150,'gr','rec6','ing8'),
(295,'gr','rec7','ing29'),
(75,'gr','rec7','ing36'),
(125,'gr','rec7','ing14'),
(2,'gr','rec7','ing24'),
(500,'gr','rec7','ing1'),
(200,'gr','rec7','ing8'),
(1,NULL,'rec7','ing11'),
(1,NULL,'rec8','ing37'),
(300,'gr','rec8','ing1'),
(500,'ml','rec8','ing12'),
(3,NULL,'rec8','ing11'),
(500,'ml','rec8','ing12'),
(6,'gr','rec8','ing29'),
(10,'gr','rec8','ing38')
(1,NULL,'rec8','ing3'),
(1,NULL,'rec8','ing39'),
(40,'gr','rec8','ing8'),
(250,'gr','rec9','ing14'),
(200,'gr','rec9','ing8'),
(100,'gr','rec9','ing29'),
(2,NULL,'rec9','ing11'),
(8,'gr','rec9','ing40'),
(60,'ml','rec9','ing12'),
(100,'gr','rec9','ing1'),
(200,'gr','rec9','ing41');


INSERT INTO V_Receta VALUES
(80,'rec1','v1'),
(20,'rec2','v2'),
(30,'rec3','v3'),
(40,'rec4','v4'),
(50,'rec5','v5'),
(60,'rec6','v6'),
(70,'rec7','v7'),
(80,'rec8','v8'),
(90,'rec9','v9');
